Id,Open.Date,City,City.Group,Type,P1,P2,P3,P4,P5,P6,P7,P8,P9,P10,P11,P12,P13,P14,P15,P16,P17,P18,P19,P20,P21,P22,P23,P24,P25,P26,P27,P28,P29,P30,P31,P32,P33,P34,P35,P36,P37,revenue,cluster
0,1999-07-17,İstanbul,Big Cities,IL,4,5,4,4,2,2,5,4,5,5,3,5,5,1,2,2,2,4,5,4,1,3,3,1,1,1,4,2,3,5,3,4,5,5,4,3,4,5653753,6
1,2008-02-14,Ankara,Big Cities,FC,4,5,4,4,1,2,5,5,5,5,1,5,5,0,0,0,0,0,3,2,1,3,2,0,0,0,0,3,3,0,0,0,0,0,0,0,0,6923131,1
2,2013-03-09,Diyarbakır,Other,IL,2,4,2,5,2,3,5,5,5,5,2,5,5,0,0,0,0,0,1,1,1,1,1,0,0,0,0,1,3,0,0,0,0,0,0,0,0,2055379,1
3,2012-02-02,Tokat,Other,IL,6,4.5,6,6,4,4,10,8,10,10,8,10,7.5,6,4,9,3,12,20,12,6,1,10,2,2,2.5,2.5,2.5,7.5,25,12,10,6,18,12,12,6,2675511,3
4,2009-05-09,Gaziantep,Other,IL,3,4,3,4,2,2,5,5,5,5,2,5,5,2,1,2,1,4,2,2,1,2,1,2,3,3,5,1,3,5,1,3,2,3,4,3,3,4316715,6
5,2010-02-12,Ankara,Big Cities,FC,6,6,4.5,7.5,8,10,10,8,8,8,10,8,6,0,0,0,0,0,5,6,3,1,5,0,0,0,0,7.5,5,0,0,0,0,0,0,0,0,5017319,5
6,2010-10-11,İstanbul,Big Cities,IL,2,3,4,4,1,5,5,5,5,5,2,5,5,3,4,4,3,4,2,4,1,2,1,5,4,4,5,1,3,4,5,2,2,3,5,4,4,5166635,6
7,2011-06-21,İstanbul,Big Cities,IL,4,5,4,5,2,3,5,4,4,4,4,3,4,0,0,0,0,0,3,5,2,4,2,0,0,0,0,3,2,0,0,0,0,0,0,0,0,4491607,4
8,2010-08-28,Afyonkarahisar,Other,IL,1,1,4,4,1,2,1,5,5,5,1,5,5,1,1,2,1,4,1,1,1,1,1,4,4,4,2,2,3,4,5,5,3,4,5,4,5,4952497,6
9,2011-11-16,Edirne,Other,IL,6,4.5,6,7.5,6,4,10,10,10,10,2,10,7.5,0,0,0,0,0,25,3,3,1,10,0,0,0,0,5,2.5,0,0,0,0,0,0,0,0,5444227,5
10,2013-08-09,Kocaeli,Other,FC,9,6,6,6,4,4,10,8,10,10,8,10,7.5,0,0,0,0,0,25,15,15,3,20,0,0,0,0,10,2.5,0,0,0,0,0,0,0,0,3745135,2
11,2012-05-22,İstanbul,Big Cities,IL,2,4,4,4,2,5,5,5,5,5,2,5,5,2,2,5,2,4,2,5,1,1,3,5,2,3,5,3,3,5,5,4,2,3,4,4,2,5161370,6
12,2013-02-28,Ankara,Big Cities,IL,2,2,4,4,2,1,5,4,5,5,3,5,5,0,0,0,0,0,3,4,1,2,2,0,0,0,0,1,3,0,0,0,0,0,0,0,0,1734634,1
13,2010-10-16,İstanbul,Big Cities,FC,4,5,4,4,1,3,5,5,5,5,2,5,5,0,0,0,0,0,3,4,1,2,1,0,0,0,0,3,3,0,0,0,0,0,0,0,0,4807746,4
14,2011-12-29,Bursa,Other,FC,2,2,4,4,1,2,5,5,5,5,2,5,5,0,0,0,0,0,3,3,1,3,2,0,0,0,0,2,3,0,0,0,0,0,0,0,0,1999097,1
15,2012-02-07,İstanbul,Big Cities,IL,12,7.5,6,6,2,10,10,10,10,10,4,10,7.5,3,10,15,3,12,10,9,3,2,5,8,8,10,2.5,7.5,7.5,5,15,20,2,12,3,16,4,3218918,3
17,2009-11-08,İstanbul,Big Cities,FC,2,4,4,5,1,3,5,4,5,5,3,5,5,0,0,0,0,0,1,1,1,1,1,0,0,0,0,1,1,0,0,0,0,0,0,0,0,8213524,1
18,2012-04-21,İzmir,Big Cities,IL,4,5,4,3,1,2,5,5,5,5,2,5,5,3,2,3,2,3,4,5,1,4,2,5,3,3,3,2,3,3,5,5,4,4,4,3,2,5337526,6
19,2011-08-16,Sakarya,Other,IL,2,4,4,4,2,2,5,5,4,4,1,3,4,0,0,0,0,0,2,1,1,1,1,0,0,0,0,2,3,0,0,0,0,0,0,0,0,2021934,1
20,2010-08-25,Elazığ,Other,IL,3,4,4,4,2,2,5,4,5,5,3,5,5,3,5,5,4,4,5,5,1,1,5,2,4,1,5,1,3,5,1,2,2,4,5,5,4,5525735,6
21,2014-01-25,İstanbul,Big Cities,FC,5,5,4,4,2,2,5,4,4,4,4,3,4,0,0,0,0,0,4,5,1,3,1,0,0,0,0,3,1,0,0,0,0,0,0,0,0,1149870,4
22,2006-07-01,Kayseri,Other,FC,9,6,6,6,4,6,10,10,10,10,2,10,7.5,0,0,0,0,0,15,12,3,3,10,0,0,0,0,7.5,7.5,0,0,0,0,0,0,0,0,3956086,5
23,2009-06-03,Sakarya,Other,FC,2,4,4,4,2,2,5,3,4,4,5,4,4,0,0,0,0,0,2,2,1,1,1,0,0,0,0,2,3,0,0,0,0,0,0,0,0,2999068,1
24,2009-09-20,İstanbul,Big Cities,IL,5,5,3,5,2,2,5,5,5,4,2,5,4,4,4,4,5,4,5,5,2,2,3,2,2,2,5,3,2,5,5,4,4,4,4,5,2,8904084,6
25,2011-12-23,Eskişehir,Other,FC,4,4,5,5,2,2,5,5,5,5,2,5,5,0,0,0,0,0,3,1,2,1,1,0,0,0,0,2,3,0,0,0,0,0,0,0,0,3778621,1
26,2010-02-23,Ankara,Big Cities,IL,3,5,4,5,2,3,5,3,5,4,5,5,4,3,4,4,1,4,5,5,2,3,2,2,2,2,1,3,3,5,5,4,3,3,4,3,1,2267425,6
27,1999-10-09,Bursa,Other,FC,4,5,4,3,1,2,5,4,4,5,4,4,5,0,0,0,0,0,5,5,5,5,5,0,0,0,0,4,3,0,0,0,0,0,0,0,0,5435276,4
28,1998-01-28,İstanbul,Big Cities,IL,4,5,4,4,1,3,5,5,4,4,2,4,4,3,4,4,2,4,5,5,2,4,3,5,3,4,2,4,2,3,5,5,2,3,5,4,4,4705945,6
29,2006-10-13,Ankara,Big Cities,FC,1,1,4,4,2,1,1,4,4,4,5,2,4,0,0,0,0,0,1,1,1,1,1,0,0,0,0,1,3,0,0,0,0,0,0,0,0,3447890,1
30,2008-12-01,Sakarya,Other,IL,1,1,3,3,2,1,1,5,5,5,2,5,5,0,0,0,0,0,1,1,1,1,1,0,0,0,0,1,3,0,0,0,0,0,0,0,0,3008199,1
31,2012-12-31,İstanbul,Big Cities,IL,4,5,4,4,1,3,5,5,5,5,2,5,5,2,3,3,1,3,4,2,1,2,1,5,2,5,2,2,3,4,3,3,2,3,4,3,3,2058644,6
32,2009-01-17,Şanlıurfa,Other,FC,3,4,3,4,3,2,5,4,4,4,3,4,4,0,0,0,0,0,5,1,1,1,1,0,0,0,0,1,3,0,0,0,0,0,0,0,0,3261924,1
33,2013-04-23,Samsun,Other,FC,2,3,4,4,2,2,5,5,5,5,1,5,5,0,0,0,0,0,3,1,1,2,1,0,0,0,0,2,3,0,0,0,0,0,0,0,0,2371202,1
34,2012-03-21,İstanbul,Big Cities,FC,4,5,4,4,1,3,5,4,4,5,4,4,5,0,0,0,0,0,1,4,1,2,1,0,0,0,0,4,3,0,0,0,0,0,0,0,0,4100886,4
35,1996-05-08,Adana,Other,IL,4,5,4,3,1,2,5,4,4,5,5,4,5,2,2,4,2,4,5,5,4,3,5,3,3,3,4,3,2,4,1,3,3,3,4,3,3,3903884,6
36,2008-05-09,Ankara,Big Cities,FC,3,5,5,3,1,5,5,5,5,5,2,5,5,0,0,0,0,0,2,5,2,4,3,0,0,0,0,3,3,0,0,0,0,0,0,0,0,3028267,4
37,2010-08-23,Ankara,Big Cities,IL,2,3,4,3,1,5,5,5,5,5,1,5,5,1,1,2,1,4,1,3,1,2,5,1,1,1,1,1,3,5,5,5,3,4,4,3,1,2740687,6
38,2011-01-18,İstanbul,Big Cities,FC,3,5,4,4,2,5,5,4,5,4,3,5,4,0,0,0,0,0,1,4,1,1,1,0,0,0,0,2,2,0,0,0,0,0,0,0,0,5461700,1
39,2009-03-28,İstanbul,Big Cities,IL,4,5,4,4,2,3,5,4,4,4,4,4,4,4,4,3,3,3,3,5,1,2,2,3,3,3,1,2,2,4,1,2,2,3,4,3,2,3818055,6
40,2011-02-09,İstanbul,Big Cities,IL,3,5,4,4,2,2,5,1,4,4,5,2,4,4,4,4,3,3,5,5,5,1,1,5,5,5,1,3,2,5,5,3,3,3,4,3,2,6836483,6
41,2009-06-01,İstanbul,Big Cities,IL,4,5,5,4,1,5,5,3,4,5,5,3,5,3,4,5,5,4,5,5,5,5,5,5,3,5,1,5,1,5,5,4,3,3,4,4,1,4554237,6
42,2011-09-27,İstanbul,Big Cities,IL,12,7.5,6,6,4,4,10,8,10,10,6,10,7.5,0,0,0,0,0,25,15,6,4,20,0,0,0,0,7.5,5,0,0,0,0,0,0,0,0,4952255,2
43,2009-09-24,Ankara,Big Cities,FC,2,4,5,4,1,2,5,5,5,5,2,5,5,0,0,0,0,0,1,1,1,2,1,0,0,0,0,1,3,0,0,0,0,0,0,0,0,2732645,1
44,2004-10-13,Ankara,Big Cities,IL,2,3,5,3,1,5,5,5,5,5,1,5,5,1,1,3,1,4,1,3,1,2,1,1,1,1,1,2,3,3,5,5,2,3,4,3,4,4264176,6
45,2012-02-02,Antalya,Other,FC,6,6,6,4.5,2,8,10,10,10,8,4,10,6,0,0,0,0,0,5,15,3,2,5,0,0,0,0,5,7.5,0,0,0,0,0,0,0,0,3752885,5
46,2011-08-25,İzmir,Big Cities,IL,3,5,5,3,1,2,5,5,5,5,2,5,5,2,2,4,2,4,2,5,2,4,2,1,1,1,4,3,3,5,5,4,2,2,4,3,3,4250758,6
47,2009-12-23,İzmir,Big Cities,IL,4,5,5,3,1,2,5,4,5,5,3,5,5,4,4,3,5,4,3,5,3,5,5,4,4,4,4,5,3,4,1,2,2,3,5,5,1,7865428,6
48,2011-12-21,Kayseri,Other,FC,4,5,4,4,2,2,5,4,4,5,4,4,5,0,0,0,0,0,5,5,3,3,5,0,0,0,0,4,3,0,0,0,0,0,0,0,0,7201784,4
49,2008-04-01,İstanbul,Big Cities,FC,12,7.5,6,6,2,8,10,10,10,10,4,10,7.5,0,0,0,0,0,15,3,3,3,5,0,0,0,0,7.5,7.5,0,0,0,0,0,0,0,0,8630682,5
50,2010-05-01,Ankara,Big Cities,IL,3,5,4,5,3,4,5,4,4,4,5,4,4,1,1,2,1,1,5,5,1,3,2,2,2,2,1,3,3,5,2,3,2,2,2,3,3,2156098,6
51,2011-11-08,Kastamonu,Other,IL,2,2,4,4,2,2,4,4,5,5,4,5,5,0,0,0,0,0,5,4,2,1,2,0,0,0,0,1,3,0,0,0,0,0,0,0,0,3273041,1
52,2013-11-12,Uşak,Other,FC,2,3,4,4,2,1,1,4,4,5,3,4,5,0,0,0,0,0,1,1,1,1,1,0,0,0,0,1,3,0,0,0,0,0,0,0,0,1763231,1
53,2013-03-29,Samsun,Other,FC,3,4,4,3,1,2,5,5,5,5,2,5,5,0,0,0,0,0,2,4,2,1,1,0,0,0,0,3,3,0,0,0,0,0,0,0,0,5595267,1
54,1999-06-05,Muğla,Other,IL,2,4,5,4,1,1,3,4,4,4,4,2,3,0,0,0,0,0,1,2,2,1,1,0,0,0,0,2,3,0,0,0,0,0,0,0,0,4651866,1
55,2008-08-12,İstanbul,Big Cities,FC,2,4,4,4,1,4,5,5,5,5,1,5,5,0,0,0,0,0,1,1,1,1,1,0,0,0,0,3,3,0,0,0,0,0,0,0,0,6941173,1
56,2013-03-16,İstanbul,Big Cities,IL,4,5,4,4,2,2,5,4,4,4,5,3,4,0,0,0,0,0,4,5,2,2,2,0,0,0,0,3,3,0,0,0,0,0,0,0,0,2390534,4
57,2008-06-21,Antalya,Other,FC,2,3,4,3,1,4,5,5,5,5,2,5,5,0,0,0,0,0,1,2,1,1,1,0,0,0,0,3,2,0,0,0,0,0,0,0,0,3258837,1
58,2012-04-11,İstanbul,Big Cities,FC,3,4,4,5,2,2,5,5,5,5,2,5,5,0,0,0,0,0,1,3,1,3,1,0,0,0,0,2,3,0,0,0,0,0,0,0,0,3004429,1
59,2007-12-01,İstanbul,Big Cities,FC,4,5,4,4,1,3,5,5,5,5,2,5,5,0,0,0,0,0,3,3,1,3,1,0,0,0,0,2,3,0,0,0,0,0,0,0,0,3600467,1
60,2012-05-01,Ankara,Big Cities,IL,12,7.5,6,6,2,6,10,8,10,10,6,10,7.5,6,4,9,3,12,10,15,6,3,10,4,4,5,2.5,5,7.5,10,15,20,4,18,12,12,2,3164972,3
61,2008-05-30,İstanbul,Big Cities,FC,12,7.5,6,6,4,6,10,8,8,8,6,8,6,0,0,0,0,0,15,12,3,2,5,0,0,0,0,7.5,5,0,0,0,0,0,0,0,0,4350573,5
62,2010-11-15,Sakarya,Other,FC,2,4,4,4,2,3,5,5,5,4,2,5,4,4,1,2,2,4,3,1,1,1,1,3,3,3,1,2,3,1,1,3,2,3,1,3,3,5286212,6
63,2013-08-05,Kırklareli,Other,FC,2,2,4,4,3,1,4,5,5,5,2,5,5,0,0,0,0,0,2,1,1,1,1,0,0,0,0,1,3,0,0,0,0,0,0,0,0,1619683,1
64,1998-07-13,İstanbul,Big Cities,IL,12,7.5,6,6,2,8,10,10,10,10,4,10,7.5,15,10,15,15,12,10,9,6,3,5,10,10,12.5,5,5,7.5,20,15,25,4,24,15,20,6,2551252,3
65,2013-12-21,İzmir,Big Cities,FC,3,5,4,3,1,2,5,5,5,5,1,5,5,0,0,0,0,0,1,1,1,1,1,0,0,0,0,1,3,0,0,0,0,0,0,0,0,1756069,1
66,2010-01-09,Konya,Other,FC,2,2,4,3,1,1,1,4,5,5,3,5,5,0,0,0,0,0,4,3,1,1,2,0,0,0,0,2,3,0,0,0,0,0,0,0,0,1882131,1
67,2011-03-01,İstanbul,Big Cities,FC,4,5,4,5,2,4,5,4,4,4,3,3,4,0,0,0,0,0,5,5,3,5,3,0,0,0,0,5,1,0,0,0,0,0,0,0,0,4052733,4
68,2010-03-16,İstanbul,Big Cities,IL,2,4,3,4,2,3,5,5,5,4,1,5,4,2,2,2,1,4,2,1,1,2,1,5,3,5,5,2,3,5,5,5,4,4,4,3,4,3836721,6
69,2011-08-30,Konya,Other,IL,2,2,4,5,4,2,5,5,5,5,1,5,5,0,0,0,0,0,3,1,1,2,1,0,0,0,0,2,3,0,0,0,0,0,0,0,0,3452382,1
70,2006-11-27,İstanbul,Big Cities,FC,4,5,4,4,1,4,5,5,5,5,2,5,5,0,0,0,0,0,3,5,1,4,2,0,0,0,0,3,3,0,0,0,0,0,0,0,0,3982767,4
71,2006-12-06,İstanbul,Big Cities,IL,12,7.5,6,6,2,10,10,10,10,10,4,10,7.5,9,8,12,3,12,10,9,6,3,5,8,8,10,10,10,7.5,5,6,10,6,18,12,12,6,4136425,3
72,2009-08-05,İzmir,Big Cities,IL,3,5,4,4,2,2,5,3,4,5,5,4,5,3,2,3,1,4,4,5,5,3,5,5,2,5,3,5,1,4,3,3,2,3,4,3,1,2525375,6
73,2011-10-04,Ankara,Big Cities,FC,4,5,4,5,2,2,5,3,4,5,5,4,5,0,0,0,0,0,5,5,5,5,5,0,0,0,0,5,0,0,0,0,0,0,0,0,0,3347767,4
74,2011-12-01,İstanbul,Big Cities,IL,12,7.5,6,6,2,8,10,8,8,8,8,8,6,12,10,12,9,9,20,15,6,4,25,10,8,10,2.5,12.5,2.5,20,9,15,4,12,12,12,4,5500818,3
76,2008-11-25,İstanbul,Big Cities,FC,2,2,4,4,2,2,5,5,5,5,2,5,5,0,0,0,0,0,3,4,1,2,1,0,0,0,0,2,3,0,0,0,0,0,0,0,0,4590423,1
77,2013-10-25,Ankara,Big Cities,FC,3,5,3,5,3,4,5,4,4,4,5,4,4,0,0,0,0,0,5,5,1,3,1,0,0,0,0,3,2,0,0,0,0,0,0,0,0,1904842,4
78,2012-09-29,Ankara,Big Cities,IL,9,7.5,6,7.5,8,6,10,10,8,8,4,6,6,3,2,9,3,12,25,12,6,2,10,4,4,5,2.5,7.5,2.5,20,9,20,4,18,12,12,2,3871344,3
79,2010-01-25,Adana,Other,IL,4,5,4,3,1,3,5,5,5,5,1,5,5,2,2,4,2,4,3,3,1,4,4,3,3,3,2,2,3,4,5,5,3,3,4,4,3,6313221,6
80,2009-10-16,İstanbul,Big Cities,FC,4,5,4,5,1,3,5,5,5,5,2,5,5,0,0,0,0,0,3,5,2,5,3,0,0,0,0,5,1,0,0,0,0,0,0,0,0,3727364,4
81,2005-12-16,İstanbul,Big Cities,FC,2,4,4,4,1,3,5,4,5,5,3,5,5,0,0,0,0,0,2,4,2,2,1,0,0,0,0,2,3,0,0,0,0,0,0,0,0,4066618,1
82,2010-02-23,Karabük,Other,FC,2,2,4,3,2,1,5,4,5,5,5,5,5,0,0,0,0,0,5,4,2,2,2,0,0,0,0,2,3,0,0,0,0,0,0,0,0,3807496,4
83,1998-08-12,İstanbul,Big Cities,IL,2,4,4,4,2,5,5,4,5,4,3,5,4,4,4,5,5,5,2,4,1,2,1,5,5,5,1,2,3,5,5,5,3,4,4,5,3,5966193,6
84,2009-10-09,İzmir,Big Cities,IL,4,4,5,3,1,3,5,5,5,5,2,5,5,3,2,4,1,4,1,3,2,2,3,3,2,3,5,2,3,4,3,3,2,4,4,3,1,4250553,6
85,2000-01-07,İstanbul,Big Cities,FC,3,5,4,4,2,5,5,4,5,4,3,5,4,0,0,0,0,0,1,4,1,1,1,0,0,0,0,2,3,0,0,0,0,0,0,0,0,7495092,1
86,2011-07-26,Bursa,Other,FC,3,3,4,4,2,2,5,4,5,5,3,5,5,0,0,0,0,0,3,5,1,3,2,0,0,0,0,2,3,0,0,0,0,0,0,0,0,3351383,4
87,2008-02-11,İstanbul,Big Cities,FC,5,5,4,4,1,3,5,5,4,4,2,4,4,0,0,0,0,0,5,5,3,4,2,0,0,0,0,5,2,0,0,0,0,0,0,0,0,5906596,4
88,2013-07-10,Antalya,Other,FC,1,2,5,4,1,2,1,4,5,5,3,5,5,0,0,0,0,0,1,1,1,1,1,0,0,0,0,1,2,0,0,0,0,0,0,0,0,2025297,1
89,2009-05-11,İstanbul,Big Cities,IL,1,1,4,3,1,2,1,5,5,5,1,5,5,1,1,1,1,1,2,1,1,1,1,1,1,1,5,1,3,5,4,4,3,3,4,2,3,2364478,6
90,2013-08-08,İstanbul,Big Cities,FC,12,7.5,6,6,2,8,10,10,8,8,4,8,6,0,0,0,0,0,15,9,3,3,5,0,0,0,0,5,7.5,0,0,0,0,0,0,0,0,3426169,5
91,2007-06-20,Bursa,Other,IL,3,5,4,4,1,2,5,5,5,5,1,5,5,0,0,0,0,0,3,2,1,2,2,0,0,0,0,1,3,0,0,0,0,0,0,0,0,2083447,1
92,2002-11-01,İstanbul,Big Cities,FC,12,7.5,7.5,6,2,10,10,8,8,10,8,8,7.5,0,0,0,0,0,25,15,6,3,25,0,0,0,0,10,7.5,0,0,0,0,0,0,0,0,6782425,2
93,2012-10-14,Tekirdağ,Other,IL,3,4,4,4,1,2,5,4,4,5,4,4,5,5,5,3,2,4,3,5,1,3,1,2,2,2,1,2,2,3,1,4,3,4,5,5,3,3410878,6
94,2011-08-08,Samsun,Other,FC,2,3,4,4,2,2,5,5,5,5,1,5,5,3,2,4,1,3,3,2,1,2,1,5,1,2,5,1,3,4,4,3,4,4,4,3,5,3753720,6
95,2012-06-08,Samsun,Other,FC,2,4,4,4,2,2,5,5,5,5,2,5,5,0,0,0,0,0,1,1,1,1,1,0,0,0,0,1,3,0,0,0,0,0,0,0,0,1270499,1
96,2011-11-27,Diyarbakır,Other,FC,4,5,2,4,2,2,5,4,4,4,3,4,4,0,0,0,0,0,3,2,1,2,3,0,0,0,0,2,2,0,0,0,0,0,0,0,0,6412623,1
97,2009-01-26,İstanbul,Big Cities,FC,3,5,4,4,1,4,5,4,5,4,4,5,4,0,0,0,0,0,4,5,2,4,5,0,0,0,0,5,1,0,0,0,0,0,0,0,0,6694797,4
98,2011-03-11,Denizli,Other,FC,3,4,4,4,1,2,5,2,4,5,5,4,5,0,0,0,0,0,3,5,1,3,1,0,0,0,0,2,3,0,0,0,0,0,0,0,0,2344689,4
100,2007-09-21,İstanbul,Big Cities,FC,3,5,4,4,2,5,5,5,5,5,2,5,5,0,0,0,0,0,4,5,2,2,1,0,0,0,0,4,3,0,0,0,0,0,0,0,0,9652350,4
101,2012-09-09,Balıkesir,Other,IL,3,4,5,4,2,2,5,4,5,5,4,5,5,5,4,5,5,4,5,5,4,2,5,1,1,1,0,2,3,5,5,5,5,4,5,5,4,4758476,6
102,2004-09-11,Diyarbakır,Other,FC,4,5,2,5,2,2,5,4,4,4,3,4,4,0,0,0,0,0,4,4,1,2,3,0,0,0,0,1,3,0,0,0,0,0,0,0,0,2738052,4
103,2011-12-06,Tekirdağ,Other,FC,2,4,4,4,1,2,5,5,5,5,2,5,5,0,0,0,0,0,2,3,1,2,1,0,0,0,0,2,2,0,0,0,0,0,0,0,0,4429512,1
104,2007-01-22,Adana,Other,IL,4,5,4,3,1,3,5,5,5,5,2,5,5,1,2,2,1,3,2,5,1,3,4,1,1,4,3,2,3,5,5,3,3,5,4,3,2,4467728,6
105,2008-03-15,Aydın,Other,FC,1,2,5,3,1,2,1,5,5,5,1,5,5,0,0,0,0,0,1,1,1,1,1,0,0,0,0,1,2,0,0,0,0,0,0,0,0,2792031,1
106,2008-06-15,Antalya,Other,FC,3,3,6,6,4,2,2,8,10,10,6,10,7.5,0,0,0,0,0,5,3,3,1,5,0,0,0,0,2.5,7.5,0,0,0,0,0,0,0,0,4888774,1
107,2011-05-01,Samsun,Other,IL,4,4,4,4,1,2,5,4,5,5,3,5,5,3,5,5,3,4,5,5,3,3,5,2,2,2,3,3,1,5,5,5,3,4,4,4,3,3248660,6
108,2012-07-09,Muğla,Other,FC,1,2,5,4,1,2,1,5,4,4,2,4,3,0,0,0,0,0,1,1,1,1,1,0,0,0,0,2,3,0,0,0,0,0,0,0,0,3570392,1
109,2007-08-25,Ankara,Big Cities,FC,2,4,3,5,4,5,5,4,4,4,5,4,4,0,0,0,0,0,1,2,1,1,1,0,0,0,0,3,2,0,0,0,0,0,0,0,0,4219263,1
110,2012-09-26,Amasya,Other,IL,6,3,6,6,4,4,10,8,10,10,6,10,7.5,9,8,12,3,12,10,12,6,1,10,2,2,2.5,2.5,5,7.5,15,3,15,6,18,12,16,6,2954086,3
111,2012-08-10,Kütahya,Other,FC,2,3,4,4,2,1,5,5,5,5,1,5,5,0,0,0,0,0,1,1,1,1,1,0,0,0,0,2,3,0,0,0,0,0,0,0,0,2993069,1
112,1998-03-14,İstanbul,Big Cities,IL,4,5,5,4,1,5,5,5,4,4,2,4,4,3,4,2,1,4,2,3,2,2,1,3,3,4,5,3,3,3,2,1,2,2,1,3,3,3784230,6
113,2006-12-09,Tekirdağ,Other,FC,3,4,4,4,1,2,5,5,5,5,2,5,5,0,0,0,0,0,2,3,1,2,1,0,0,0,0,2,2,0,0,0,0,0,0,0,0,2097022,1
114,2008-12-06,Eskişehir,Other,IL,4,5,5,4,2,2,5,4,5,5,3,5,5,3,4,3,1,3,5,5,4,5,5,3,3,3,2,4,1,5,3,3,2,3,4,3,1,4155435,6
115,2012-05-04,İstanbul,Big Cities,IL,6,4.5,6,6,4,8,10,10,10,10,4,10,7.5,6,4,12,6,12,5,9,3,2,5,8,8,10,12.5,5,7.5,25,15,25,4,18,12,16,8,4882985,3
116,2012-03-30,İzmir,Big Cities,FC,2,4,4,4,2,2,5,4,4,5,3,4,5,0,0,0,0,0,2,2,1,1,1,0,0,0,0,3,3,0,0,0,0,0,0,0,0,8894598,1
117,2005-12-27,Ankara,Big Cities,IL,3,5,4,5,3,3,5,4,4,5,4,2,5,1,3,3,1,4,5,5,4,2,2,1,1,1,1,3,1,3,3,3,2,3,4,3,1,2018785,6
118,2009-12-25,İstanbul,Big Cities,IL,12,7.5,7.5,4.5,2,10,10,10,10,10,4,10,7.5,3,4,9,3,3,10,15,3,4,5,6,4,7.5,5,10,5,25,6,10,4,18,12,12,2,1847826,3
119,2014-01-03,İstanbul,Big Cities,IL,4,5,4,4,2,3,5,5,5,5,1,5,5,0,0,0,0,0,2,2,2,1,1,0,0,0,0,2,3,0,0,0,0,0,0,0,0,3780019,1
120,2011-08-18,Aydın,Other,FC,2,3,4,4,2,2,5,4,5,5,3,5,5,0,0,0,0,0,5,4,2,2,3,0,0,0,0,2,3,0,0,0,0,0,0,0,0,4067566,4
121,2004-11-13,İzmir,Big Cities,FC,2,4,4,4,2,3,5,5,5,4,2,5,4,0,0,0,0,0,2,2,1,1,1,0,0,0,0,2,3,0,0,0,0,0,0,0,0,3445076,1
122,1997-04-10,İstanbul,Big Cities,IL,12,7.5,6,7.5,2,8,10,8,8,8,10,6,6,15,8,12,6,9,25,15,9,5,15,6,10,10,5,12.5,2.5,25,15,25,6,18,3,16,6,4286645,3
123,2011-11-05,Bolu,Other,FC,1,1,4,3,1,1,1,4,5,5,3,5,5,0,0,0,0,0,1,1,1,1,1,0,0,0,0,2,3,0,0,0,0,0,0,0,0,4263629,1
124,2005-08-18,Ankara,Big Cities,DT,1,3,0,5,5,5,1,5,5,5,2,5,5,0,0,0,0,0,1,2,2,1,2,0,0,0,0,2,3,0,0,0,0,0,0,0,0,3810007,1
125,2010-09-01,Trabzon,Other,IL,9,6,6,6,4,6,10,6,8,10,10,8,7.5,9,10,15,3,12,15,15,9,2,25,6,4,7.5,2.5,5,7.5,20,9,15,4,24,12,16,2,4780607,3
126,2008-07-20,Isparta,Other,IL,3,3,4,4,2,2,5,4,5,5,3,5,5,1,5,4,2,4,5,5,2,1,4,3,3,3,2,2,3,5,5,5,4,2,5,3,2,4015749,6
127,2007-09-07,Bursa,Other,FC,3,4,4,4,2,2,5,5,5,5,1,5,5,0,0,0,0,0,3,2,1,2,1,0,0,0,0,3,3,0,0,0,0,0,0,0,0,7592272,1
128,2011-10-14,Ankara,Big Cities,FC,2,4,4,4,1,2,5,5,5,5,1,5,5,0,0,0,0,0,1,1,1,1,1,0,0,0,0,3,2,0,0,0,0,0,0,0,0,2383840,1
129,2007-02-08,Eskişehir,Other,FC,4,5,5,4,2,2,5,4,5,5,3,5,5,0,0,0,0,0,5,5,4,5,5,0,0,0,0,4,1,0,0,0,0,0,0,0,0,3939804,4
130,2011-10-29,Osmaniye,Other,FC,3,4,3,4,2,1,5,5,5,5,2,5,5,0,0,0,0,0,3,1,1,1,1,0,0,0,0,2,3,0,0,0,0,0,0,0,0,3376145,1
131,2002-11-06,Ankara,Big Cities,FC,3,4,4,5,3,4,5,4,4,4,5,4,4,0,0,0,0,0,4,5,1,2,1,0,0,0,0,3,2,0,0,0,0,0,0,0,0,3199619,4
132,2008-06-25,Trabzon,Other,FC,2,3,3,5,4,2,4,4,4,4,4,4,4,0,0,0,0,0,4,3,2,1,1,0,0,0,0,2,3,0,0,0,0,0,0,0,0,5787594,1
133,2006-10-12,İzmir,Big Cities,FC,4,5,4,4,2,3,5,4,4,5,5,4,5,0,0,0,0,0,3,2,2,1,1,0,0,0,0,3,3,0,0,0,0,0,0,0,0,9262754,1
134,2006-07-08,Kayseri,Other,FC,3,4,4,4,2,3,5,5,5,5,1,5,5,0,0,0,0,0,2,3,1,2,2,0,0,0,0,2,3,0,0,0,0,0,0,0,0,2544857,1
135,2010-10-29,İstanbul,Big Cities,FC,4,5,4,5,2,2,5,5,5,5,2,5,5,0,0,0,0,0,1,1,1,1,1,0,0,0,0,3,3,0,0,0,0,0,0,0,0,7217634,1
136,2009-09-01,İstanbul,Big Cities,FC,4,5,3,5,2,2,5,4,4,5,4,4,5,0,0,0,0,0,2,1,1,1,1,0,0,0,0,3,3,0,0,0,0,0,0,0,0,6363241,1
